class,title,description
1,"Ukraine War: Latest Updates from Eastern Front","Military analysts report significant developments in the ongoing conflict as international diplomatic efforts continue to seek peaceful resolution."
1,"Climate Summit Reaches Historic Agreement","World leaders at COP28 agree on landmark deal to transition away from fossil fuels over the next decade with binding commitments."
1,"China-US Trade Relations Show Signs of Improvement","Economic indicators suggest warming ties between the two superpowers following recent high-level diplomatic meetings and trade negotiations."
1,"European Union Expands Digital Rights Framework","New legislation aims to protect citizen privacy and regulate big tech companies operating within EU member states."
1,"Middle East Peace Talks Resume After Six-Month Hiatus","Regional leaders gather in Geneva for renewed diplomatic efforts to address long-standing territorial and religious conflicts."
2,"NBA Finals: Lakers vs Celtics Epic Game 7 Showdown","Historic rivalry renewed as two most successful franchises battle for championship in winner-take-all finale at TD Garden."
2,"World Cup 2024: Argentina Defends Title Successfully","Lionel Messi leads Argentina to consecutive World Cup victory with dramatic penalty shootout win over Brazil in final."
2,"Tennis: Serena Williams Announces Comeback Tournament","Former world number one confirms participation in upcoming Wimbledon after two-year retirement from professional tennis."
2,"Olympic Swimming Records Shattered at Paris Games","Multiple world records broken in pool events as new generation of swimmers pushes boundaries of human athletic performance."
2,"Manchester United Signs Brazilian Wonderkid for Record Fee","Premier League giants complete â‚¬120 million transfer of 19-year-old midfielder from Santos in biggest deal of summer."
3,"Federal Reserve Raises Interest Rates by 0.75%","Central bank implements aggressive monetary policy tightening to combat persistent inflation affecting global economic recovery."
3,"Tesla Stock Surges on New Battery Technology Breakthrough","Electric vehicle manufacturer announces revolutionary solid-state battery capable of 1000-mile range and 5-minute charging."
3,"Amazon Acquires Healthcare Startup for $8.2 Billion","E-commerce giant expands into medical services with purchase of telemedicine platform serving millions of patients nationwide."
3,"Cryptocurrency Market Rebounds After Regulatory Clarity","Bitcoin and other digital assets gain 25% following government announcement of comprehensive but innovation-friendly regulations."
3,"Global Supply Chain Crisis Shows Signs of Resolution","Manufacturing and shipping delays begin to ease as pandemic-related disruptions fade and new logistics networks emerge."
4,"AI Breakthrough: ChatGPT-5 Demonstrates Human-Level Reasoning","OpenAI releases advanced language model capable of complex problem-solving and scientific research tasks previously impossible for machines."
4,"Quantum Computer Achieves Major Milestone in Error Correction","IBM researchers demonstrate fault-tolerant quantum computing system with potential to revolutionize cryptography and drug discovery."
4,"SpaceX Successfully Lands Crew on Mars Surface","Historic mission marks first human presence on Red Planet as six-astronaut team begins year-long exploration and research mission."
4,"Gene Therapy Cures Type 1 Diabetes in Clinical Trial","Revolutionary treatment using CRISPR technology eliminates need for insulin injections in 95% of trial participants."
4,"Fusion Energy Plant Achieves Net Positive Output","Commercial fusion reactor produces more energy than consumed, marking breakthrough toward clean unlimited power source."